<?xml version="1.0"?>
<addon scheme="3.0">
    <id>ms_extended_desc</id>
    <version>1.0</version>
    <priority>4294967294</priority>
    <position>0</position>
    <status>active</status>
    <auto_install>MULTIVENDOR,ULTIMATE</auto_install>
    <default_language>en</default_language>
    <queries>
        <item for="install">
            ALTER TABLE `?:product_feature_variant_descriptions`
            ADD `extended_description_brend` mediumtext
        </item>
        <item for="uninstall">
            ALTER TABLE `?:product_feature_variant_descriptions`
            DROP `extended_description_brend`
        </item>

    </queries>
</addon>
